INSERT INTO [Clients] (Id,AccountNumber,Name,Surname,TaxCode,LegalAddress,ActualAddress,ChiefInitials,Rating)
VALUES
  (1,'DE64341179443808881357','Hayley','Richmond','0576185242OI','746-6946 Cursus. Rd.','2333 Amet Rd.','Allistair I. Ball',0),
  (2,'CH4641217642347734644','Jared','Herrera','0741341731SF','848-1539 Orci. Rd.','376-8604 In Rd.','Madeson Z. Fitzgerald',0),
  (3,'IE81LMWO36889467362643','Carly','Trujillo','2561391111DS','361-3798 Molestie St.','Ap #995-1257 Aliquam Av.','Ignatius K. Conner',0),
  (4,'CZ3956286528713479072454','Tatiana','Taylor','2134967620HK','195-3495 Turpis Road','838-835 Ipsum Ave','Karleigh D. Nichols',0),
  (5,'LU747566850593572657','Chantale','Dominguez','5309462861GL','P.O. Box 586, 1585 Eu Rd.','907-6159 Enim, Ave','India T. Barlow',0),
  (6,'SI96786936857474311','Colleen','Graham','4651112245OZ','171-6267 Integer Avenue','P.O. Box 120, 7434 Cras Rd.','Nola N. Dorsey',0),
  (7,'IL629271274452355419376','Noelani','Burch','8862377418XJ','P.O. Box 342, 2388 Auctor St.','P.O. Box 185, 1526 Erat Avenue','Luke W. Rollins',0),
  (8,'EE346004317006700153','Mona','Ross','7465734432JW','682-1776 Non Av.','Ap #205-4734 Mauris Ave','David P. Carrillo',0),
  (9,'TR711313821436416716282959','John','Byers','0567083626IK','Ap #217-2157 Quisque Av.','765-4219 Id, Ave','Sydnee I. Burks',0),
  (10,'SM1804715816382779415773543','Emery','Richards','4390151170YP','409-3804 Odio Avenue','Ap #767-2375 Lobortis. Rd.','Brandon K. Bowman',0);

INSERT INTO [Credits] (Id,ClientId,StartDate,Amount,Duration,AnnualInterestRate,Pledge)
VALUES
  (1,1,'01-14-22','3435.81',8,'9.4','Passport'),
  (2,2,'02-18-22','7976.25',5,'4.1','Jewerly'),
  (3,3,'06-04-22','1260.11',7,'2.6','Driver license'),
  (4,4,'05-15-22','0405.29',10,'9.4','Other'),
  (5,5,'02-19-22','5747.41',6,'5.5','Passport'),
  (6,6,'02-25-22','0872.80',8,'1.5','Jewerly'),
  (7,7,'03-18-22','5435.82',7,'4.3','Driver license'),
  (8,8,'12-13-21','5754.07',2,'7.9','Other'),
  (9,9,'12-11-21','4875.76',8,'9.8','Passport'),
  (10,10,'04-16-22','8747.66',3,'9.7','Jewerly');

INSERT INTO [PaymentSchedule] (Id,CreditId,PaymentDate,Amount,InterestRate,IsPaid)
VALUES
(1 ,1 ,'01-14-22','430'    ,'1.2' ,0) ,
(2 ,1 ,'02-14-22','430'    ,'1.2' ,0) ,
(3 ,1 ,'03-14-22','430'    ,'1.2' ,0) ,
(4 ,1 ,'04-14-22','430'    ,'1.2' , 0),
(5 ,1 ,'05-14-22','430'    ,'1.2' ,0) ,
(6 ,1 ,'06-14-22','430'    ,'1.2' ,0) ,
(7 ,1 ,'07-14-22','430'    ,'1.2' ,0) ,
(8 ,1 ,'08-14-22','430'    ,'1.2' ,0) ,
(9 ,2 ,'02-18-22','1595.25','0.82',1) ,
(10,2 ,'03-18-22','1595.25','0.82',1) ,
(11,2 ,'04-18-22','1595.25','0.82',1) ,
(12,2 ,'05-18-22','1595.25','0.82', 0),
(13,2 ,'06-18-22','1595.25','0.82',0) ,
(14,3 ,'04-06-22','181'    ,'0.37',1) ,
(15,3 ,'05-06-22','181'    ,'0.37',1) ,
(16,3 ,'06-06-22','181'    ,'0.37',1) ,
(17,3 ,'07-06-22','181'    ,'0.37', 1),
(18,3 ,'08-06-22','181'    ,'0.37',1) ,
(19,3 ,'09-06-22','181'    ,'0.37',1) ,
(20,3 ,'10-06-22','181'    ,'0.37',1) ,
(21,4 ,'05-15-22','41'     ,'0.94',1) ,
(22,4 ,'06-15-22','41'     ,'0.94',1) ,
(23,4 ,'07-15-22','41'     ,'0.94',1) ,
(24,4 ,'08-15-22','41'     ,'0.94', 1),
(25,4 ,'09-15-22','41'     ,'0.94',1) ,
(26,4 ,'10-15-22','41'     ,'0.94',1) ,
(27,4 ,'11-15-22','41'     ,'0.94',1) ,
(28,4 ,'12-15-22','41'     ,'0.94',0) ,
(29,4 ,'01-15-23','41'     ,'0.94',0) ,
(30,4 ,'02-15-23','41'     ,'0.94',0) ,
(31,5 ,'02-19-22','958'    ,'1'   ,1) ,
(32,5 ,'03-19-22','958'    ,'1'   ,1) ,
(33,5 ,'04-19-22','958'    ,'1'   ,0) ,
(34,5 ,'05-19-22','958'    ,'1'   , 0),
(35,5 ,'06-19-22','958'    ,'1'   ,0) ,
(36,5 ,'07-19-22','958'    ,'1'   ,0) ,
(37,6 ,'02-25-22','109'    ,'0.5' ,0) ,
(38,6 ,'03-25-22','109'    ,'0.5' ,0) ,
(39,6 ,'04-25-22','109'    ,'0.5' ,0) ,
(40,6 ,'05-25-22','109'    ,'0.5' , 0),
(41,6 ,'06-25-22','109'    ,'0.5' ,0) ,
(42,6 ,'07-25-22','109'    ,'0.5' ,0) ,
(43,6 ,'08-25-22','109'    ,'0.5' ,0) ,
(44,6 ,'09-25-22','109'    ,'0.5' ,0) ,
(45,7 ,'03-18-22','778'    ,'1.2' ,1) ,
(46,7 ,'04-18-22','778'    ,'1.2' ,1) ,
(47,7 ,'05-18-22','778'    ,'1.2' ,1) ,
(48,7 ,'06-18-22','778'    ,'1.2' , 1),
(49,7 ,'07-18-22','778'    ,'1.2' ,1) ,
(50,7 ,'08-18-22','778'    ,'1.2' ,1) ,
(51,7 ,'09-18-22','778'    ,'1.2' ,0) ,
(52,8 ,'12-13-21','2877'   ,'4'   ,0) ,
(53,8 ,'01-13-22','2877'   ,'4'   ,0) ,
(54,9 ,'12-11-21','610'    ,'6'   ,1) ,
(55,9 ,'01-11-22','610'    ,'6'   ,1) ,
(56,9 ,'02-11-22','610'    ,'6'   ,1) ,
(57,9 ,'03-11-22','610'    ,'6'   , 1),
(58,9 ,'04-11-22','610'    ,'6'   ,1) ,
(59,9 ,'05-11-22','610'    ,'6'   ,1) ,
(60,9 ,'06-11-22','610'    ,'6'   ,0) ,
(61,9 ,'07-11-22','610'    ,'6'   ,0) ,
(62,10,'04-16-22','2916'   ,'8'   ,0) ,
(63,10,'05-16-22','2916'   ,'8'   ,0) ,
(64,10,'06-16-22','2916'   ,'8'   ,0);